,visages,mains,yolo_class,P,OAG,OAP,A,ONP,OP,ONG
total_detections,78.0,285.0,0.0,593.0,151.0,246.0,31.0,27.0,0.0,0.0
mean_confidence,0.9830441505481036,1.0,0.0,0.0,0.0,0.0,0.0,0.0,0.0,0.0
score,0.13084888010708548,0.4863481228668942,0.0,0.0,0.0,0.0,0.0,0.0,0.0,0.0
active_frames,78.0,216.0,0.0,287.0,126.0,114.0,31.0,25.0,0.0,0.0
interpolated_detections,0.0,0.0,0.0,0.0,0.0,0.0,0.0,0.0,0.0,0.0
